Magnitud,Lugar,Fecha_Tiempo,Tipo_Magnitud,Tipo_Catastrofe,Longitud,Latitud,Profundidad,DiaSemana,Mes,Hora,Fecha del sismo,Hora del sismo
2.41,"3 km WSW of Fuig, Puerto Rico",1970-01-20 07:52:18.935960,md,earthquake,-66.9463333333333,17.97,9.86,Tuesday,January,7,1970-01-20,07:52:18.935960
-0.85,"84 km NNW of Karluk, Alaska",1970-01-20 07:52:18.925200,ml,earthquake,-155.136,58.237,-2.19,Tuesday,January,7,1970-01-20,07:52:18.925200
1.01,"2km E of Loma Linda, CA",1970-01-20 07:52:18.756020,ml,earthquake,-117.2341667,34.0483333,16.33,Tuesday,January,7,1970-01-20,07:52:18.756020
2.12,"4 km WSW of Guánica, Puerto Rico",1970-01-20 07:52:18.674230,md,earthquake,-66.9455,17.9505,9.86,Tuesday,January,7,1970-01-20,07:52:18.674230
0.76,"4km W of Cobb, CA",1970-01-20 07:52:18.646070,md,earthquake,-122.7659988,38.8181648,1.72,Tuesday,January,7,1970-01-20,07:52:18.646070
0.85,"6km SW of Gilroy, CA",1970-01-20 07:52:18.550500,md,earthquake,-121.6203333,36.973,5.03,Tuesday,January,7,1970-01-20,07:52:18.550500
1.6,"53 km WNW of Petersville, Alaska",1970-01-20 07:52:18.446198,ml,earthquake,-151.7362,62.6674,103.2,Tuesday,January,7,1970-01-20,07:52:18.446198
2.21,"4 km WSW of Guánica, Puerto Rico",1970-01-20 07:52:18.054210,md,earthquake,-66.9463333333333,17.954,9.24,Tuesday,January,7,1970-01-20,07:52:18.054210
0.35,"22 km S of West Yellowstone, Montana",1970-01-20 07:52:17.979700,md,earthquake,-111.0675,44.4615,5.91,Tuesday,January,7,1970-01-20,07:52:17.979700
1.4,"9 km WNW of Houston, Alaska",1970-01-20 07:52:17.917394,ml,earthquake,-149.974,61.6682,42.5,Tuesday,January,7,1970-01-20,07:52:17.917394
1.4,"3 km W of Mehama, Oregon",1970-01-20 07:52:17.565380,ml,explosion,-122.66566666666668,44.787,-0.48,Tuesday,January,7,1970-01-20,07:52:17.565380
1.11,"16km N of Tecate, B.C., MX",1970-01-20 07:52:17.449730,ml,earthquake,-116.6555,32.713,17.4,Tuesday,January,7,1970-01-20,07:52:17.449730
4.2,"45 km NE of Bandar-e Lengeh, Iran",1970-01-20 07:52:17.373142,mb,earthquake,55.1851,26.8687,10.0,Tuesday,January,7,1970-01-20,07:52:17.373142
1.3,"46 km NNW of Valdez, Alaska",1970-01-20 07:52:17.179946,ml,earthquake,-146.593,61.5273,34.8,Tuesday,January,7,1970-01-20,07:52:17.179946
1.1,"12 km WNW of Ambler, Alaska",1970-01-20 07:52:16.585656,ml,earthquake,-158.1209,67.1144,6.9,Tuesday,January,7,1970-01-20,07:52:16.585656
1.63,"28 km E of Honaunau-Napoopoo, Hawaii",1970-01-20 07:52:16.559650,md,earthquake,-155.5915,19.4485,-0.91,Tuesday,January,7,1970-01-20,07:52:16.559650
-0.95,"74 km NW of Ninilchik, Alaska",1970-01-20 07:52:16.242900,ml,earthquake,-152.770333333333,60.4275,12.18,Tuesday,January,7,1970-01-20,07:52:16.242900
-1.1,"29 km ESE of Port Heiden, Alaska",1970-01-20 07:52:16.065470,ml,earthquake,-158.172833333333,56.8593333333333,0.37,Tuesday,January,7,1970-01-20,07:52:16.065470
1.49,"28 km NNW of P?hala, Hawaii",1970-01-20 07:52:16.037450,md,earthquake,-155.593666666667,19.4318333333333,-1.6,Tuesday,January,7,1970-01-20,07:52:16.037450
2.39,"5 km SSW of Guánica, Puerto Rico",1970-01-20 07:52:15.298040,md,earthquake,-66.9318333333333,17.9311666666667,8.03,Tuesday,January,7,1970-01-20,07:52:15.298040
1.5,western Texas,1970-01-20 07:52:14.826534,ml,earthquake,-103.976052,31.60648735,9.473608398,Tuesday,January,7,1970-01-20,07:52:14.826534
1.16,"21km ESE of Little Lake, CA",1970-01-20 07:52:14.721860,ml,earthquake,-117.6853333,35.8813333,4.54,Tuesday,January,7,1970-01-20,07:52:14.721860
0.8,"85 km NNW of Karluk, Alaska",1970-01-20 07:52:14.622613,ml,earthquake,-155.1149,58.2529,3.5,Tuesday,January,7,1970-01-20,07:52:14.622613
2.1,"2 km NNW of Ninilchik, Alaska",1970-01-20 07:52:13.887114,ml,earthquake,-151.6929,60.0726,57.9,Tuesday,January,7,1970-01-20,07:52:13.887114
0.95,"8km W of Cobb, CA",1970-01-20 07:52:13.646380,md,earthquake,-122.8105011,38.8330002,1.65,Tuesday,January,7,1970-01-20,07:52:13.646380
0.95,"8km W of Cobb, CA",1970-01-20 07:52:13.600780,md,earthquake,-122.810997,38.8334999,1.51,Tuesday,January,7,1970-01-20,07:52:13.600780
1.52,"20km ESE of Anza, CA",1970-01-20 07:52:13.388470,ml,earthquake,-116.4778333,33.4753333,11.36,Tuesday,January,7,1970-01-20,07:52:13.388470
1.7,"48 km W of Anchor Point, Alaska",1970-01-20 07:52:13.358980,ml,earthquake,-152.6841,59.7354,78.1,Tuesday,January,7,1970-01-20,07:52:13.358980
4.5,south of the Fiji Islands,1970-01-20 07:52:13.195832,mb,earthquake,-179.5245,-23.3871,543.174,Tuesday,January,7,1970-01-20,07:52:13.195832
0.79,"8km WNW of Cobb, CA",1970-01-20 07:52:12.776560,md,earthquake,-122.8096695,38.8361664,1.86,Tuesday,January,7,1970-01-20,07:52:12.776560
1.65,"9 km NE of Sunnyside, Washington",1970-01-20 07:52:12.015240,ml,explosion,-119.91533333333334,46.3795,-0.54,Tuesday,January,7,1970-01-20,07:52:12.015240
1.2,"20 km WNW of Skwentna, Alaska",1970-01-20 07:52:11.976110,ml,earthquake,-151.7724,62.0575,94.2,Tuesday,January,7,1970-01-20,07:52:11.976110
0.63,"8km NW of The Geysers, CA",1970-01-20 07:52:11.380850,md,earthquake,-122.8161697,38.8333321,1.88,Tuesday,January,7,1970-01-20,07:52:11.380850
1.88,"10 km E of P?hala, Hawaii",1970-01-20 07:52:11.350960,ml,earthquake,-155.383666992188,19.220832824707,32.3899993896484,Tuesday,January,7,1970-01-20,07:52:11.350960
0.69,"8km NW of The Geysers, CA",1970-01-20 07:52:11.303460,md,earthquake,-122.817337,38.8333321,1.76,Tuesday,January,7,1970-01-20,07:52:11.303460
0.31,"1km NE of The Geysers, CA",1970-01-20 07:52:11.248740,md,earthquake,-122.7453308,38.7866669,1.88,Tuesday,January,7,1970-01-20,07:52:11.248740
1.7,"35 km WSW of Mentone, Texas",1970-01-20 07:52:11.165312,ml,earthquake,-103.9577706,31.60838335,8.136791992,Tuesday,January,7,1970-01-20,07:52:11.165312
1.7,"35 km WSW of Mentone, Texas",1970-01-20 07:52:11.164976,ml,earthquake,-103.9556072,31.60563244,9.884936523,Tuesday,January,7,1970-01-20,07:52:11.164976
1.6,"13 km N of Beluga, Alaska",1970-01-20 07:52:11.108022,ml,earthquake,-151.0939,61.2643,57.8,Tuesday,January,7,1970-01-20,07:52:11.108022
1.39,"16km S of Ocotillo Wells, CA",1970-01-20 07:52:11.104190,ml,quarry blast,-116.108,33.0048333,-0.13,Tuesday,January,7,1970-01-20,07:52:11.104190
1.7,"75 km ESE of Denali National Park, Alaska",1970-01-20 07:52:10.727024,ml,earthquake,-150.4582,63.1712,117.6,Tuesday,January,7,1970-01-20,07:52:10.727024
0.93,"4km W of Cobb, CA",1970-01-20 07:52:10.612610,md,earthquake,-122.7633362,38.8264999,1.8,Tuesday,January,7,1970-01-20,07:52:10.612610
2.2,"115 km SE of Akutan, Alaska",1970-01-20 07:52:09.660704,ml,earthquake,-164.4711,53.4362,18.4,Tuesday,January,7,1970-01-20,07:52:09.660704
1.53,"5km WSW of Niland, CA",1970-01-20 07:52:09.551870,ml,earthquake,-115.5688333,33.2211667,3.89,Tuesday,January,7,1970-01-20,07:52:09.551870
2.59,"6km E of Round Valley, CA",1970-01-20 07:52:09.432070,md,earthquake,-118.5338333,37.4171667,5.97,Tuesday,January,7,1970-01-20,07:52:09.432070
1.1,"12 km NNW of Cantwell, Alaska",1970-01-20 07:52:09.410899,ml,earthquake,-149.0642,63.4866,93.5,Tuesday,January,7,1970-01-20,07:52:09.410899
1.45,"0km WSW of Brawley, CA",1970-01-20 07:52:09.378670,ml,earthquake,-115.5336667,32.9776667,7.75,Tuesday,January,7,1970-01-20,07:52:09.378670
0.36,"7km NW of The Geysers, CA",1970-01-20 07:52:08.895580,md,earthquake,-122.807663,38.8301659,4.47,Tuesday,January,7,1970-01-20,07:52:08.895580
-0.28,"33 km E of Port Heiden, Alaska",1970-01-20 07:52:08.756070,ml,earthquake,-158.085333333333,56.9018333333333,3.71,Tuesday,January,7,1970-01-20,07:52:08.756070
0.24,Alaska Peninsula,1970-01-20 07:52:08.661490,ml,earthquake,-155.130166666667,58.2383333333333,5.7,Tuesday,January,7,1970-01-20,07:52:08.661490
1.81,"6 km NW of Emery, Utah",1970-01-20 07:52:08.572690,md,earthquake,-111.3018333,38.9686667,-2.2,Tuesday,January,7,1970-01-20,07:52:08.572690
0.51,"84 km NNW of Karluk, Alaska",1970-01-20 07:52:08.439960,ml,earthquake,-155.1325,58.2395,6.1,Tuesday,January,7,1970-01-20,07:52:08.439960
0.44,"85 km NNW of Karluk, Alaska",1970-01-20 07:52:08.429220,ml,earthquake,-155.139833333333,58.2395,5.18,Tuesday,January,7,1970-01-20,07:52:08.429220
0.41,"85 km NNW of Karluk, Alaska",1970-01-20 07:52:08.318490,ml,earthquake,-155.017833333333,58.277,2.72,Tuesday,January,7,1970-01-20,07:52:08.318490
0.38,"85 km NNW of Karluk, Alaska",1970-01-20 07:52:08.314330,ml,earthquake,-155.0135,58.2801666666667,2.64,Tuesday,January,7,1970-01-20,07:52:08.314330
0.23,"86 km NNW of Karluk, Alaska",1970-01-20 07:52:08.303170,ml,earthquake,-155.017666666667,58.2831666666667,3.9,Tuesday,January,7,1970-01-20,07:52:08.303170
0.03,"85 km NNW of Karluk, Alaska",1970-01-20 07:52:08.301150,ml,earthquake,-154.9965,58.2786666666667,2.38,Tuesday,January,7,1970-01-20,07:52:08.301150
0.27,"86 km NNW of Karluk, Alaska",1970-01-20 07:52:08.111450,ml,earthquake,-155.017166666667,58.2811666666667,3.11,Tuesday,January,7,1970-01-20,07:52:08.111450
2.2,"63 km ESE of Ugashik, Alaska",1970-01-20 07:52:08.016454,ml,earthquake,-156.3703,57.3742,88.4,Tuesday,January,7,1970-01-20,07:52:08.016454
1.82000005,"3 km S of P?hala, Hawaii",1970-01-20 07:52:07.883150,md,earthquake,-155.484832763672,19.1698341369629,30.8099994659424,Tuesday,January,7,1970-01-20,07:52:07.883150
1.22,"12km NNE of Ocotillo Wells, CA",1970-01-20 07:52:07.361310,ml,earthquake,-116.0935,33.2478333,9.28,Tuesday,January,7,1970-01-20,07:52:07.361310
2.0,"52 km SSE of Whites City, New Mexico",1970-01-20 07:52:07.189152,ml,earthquake,-104.265474,31.71530275,7.288427734,Tuesday,January,7,1970-01-20,07:52:07.189152
2.1,"52 km SSE of Whites City, New Mexico",1970-01-20 07:52:07.061305,ml,earthquake,-104.265731,31.71369276,7.262719727000001,Tuesday,January,7,1970-01-20,07:52:07.061305
2.14,"4 km WSW of Fuig, Puerto Rico",1970-01-20 07:52:06.981120,md,earthquake,-66.9516666666667,17.9726666666667,6.67,Tuesday,January,7,1970-01-20,07:52:06.981120
1.1,"16 km N of Two Rivers, Alaska",1970-01-20 07:52:06.846222,ml,explosion,-147.0673,65.0163,0.0,Tuesday,January,7,1970-01-20,07:52:06.846222
1.2,"70 km NE of Denali National Park, Alaska",1970-01-20 07:52:06.448557,ml,earthquake,-150.5585,63.9043,10.6,Tuesday,January,7,1970-01-20,07:52:06.448557
0.81,"17km ESE of Anza, CA",1970-01-20 07:52:06.367810,ml,earthquake,-116.5035,33.4995,10.26,Tuesday,January,7,1970-01-20,07:52:06.367810
1.92,"8 km SSE of Maria Antonia, Puerto Rico",1970-01-20 07:52:06.101980,md,earthquake,-66.8575,17.9078333333333,15.36,Tuesday,January,7,1970-01-20,07:52:06.101980
1.82,"27 km E of Honaunau-Napoopoo, Hawaii",1970-01-20 07:52:05.792660,md,earthquake,-155.599333333333,19.4451666666667,-1.02,Tuesday,January,7,1970-01-20,07:52:05.792660
1.7,"80 km NW of Yakutat, Alaska",1970-01-20 07:52:05.715786,ml,earthquake,-140.5966,60.1251,10.1,Tuesday,January,7,1970-01-20,07:52:05.715786
1.7,"46 km W of Anchor Point, Alaska",1970-01-20 07:52:05.626543,ml,earthquake,-152.6419,59.8395,84.8,Tuesday,January,7,1970-01-20,07:52:05.626543
0.3,"42 km NW of Indian Springs, Nevada",1970-01-20 07:52:05.044412,ml,earthquake,-116.0423,36.8091,6.3,Tuesday,January,7,1970-01-20,07:52:05.044412
0.83,"3km SW of Anderson Springs, CA",1970-01-20 07:52:04.797080,md,earthquake,-122.715332,38.7601662,1.79,Tuesday,January,7,1970-01-20,07:52:04.797080
1.53,"27 km E of Honaunau-Napoopoo, Hawaii",1970-01-20 07:52:04.653940,md,earthquake,-155.601166666667,19.4611666666667,-0.78,Tuesday,January,7,1970-01-20,07:52:04.653940
1.6,"62 km W of Happy Valley, Alaska",1970-01-20 07:52:04.544957,ml,earthquake,-152.8471,60.0339,90.1,Tuesday,January,7,1970-01-20,07:52:04.544957
1.47,"6km S of Mojave, CA",1970-01-20 07:52:04.469030,ml,quarry blast,-118.1828333,34.9973333,-0.85,Tuesday,January,7,1970-01-20,07:52:04.469030
1.75,"10 km E of P?hala, Hawaii",1970-01-20 07:52:03.615480,md,earthquake,-155.379333496094,19.2198333740234,31.9599990844727,Tuesday,January,7,1970-01-20,07:52:03.615480
1.41,"21 km N of P?hala, Hawaii",1970-01-20 07:52:03.440900,md,earthquake,-155.454666666667,19.3936666666667,8.38,Tuesday,January,7,1970-01-20,07:52:03.440900
1.28,"28 km E of Honaunau-Napoopoo, Hawaii",1970-01-20 07:52:03.427340,md,earthquake,-155.5925,19.4413333333333,-2.03,Tuesday,January,7,1970-01-20,07:52:03.427340
1.6,"71 km SE of Unalaska, Alaska",1970-01-20 07:52:03.331531,ml,earthquake,-165.8737,53.3693,25.6,Tuesday,January,7,1970-01-20,07:52:03.331531
1.33,"7km SSE of Home Gardens, CA",1970-01-20 07:52:03.072590,ml,quarry blast,-117.4821667,33.826,-0.53,Tuesday,January,7,1970-01-20,07:52:03.072590
3.1,"90 km SSW of Unalaska, Alaska",1970-01-20 07:52:02.292080,ml,earthquake,-166.8794,53.0918,35.0,Tuesday,January,7,1970-01-20,07:52:02.292080
1.49,"27 km E of Honaunau-Napoopoo, Hawaii",1970-01-20 07:52:01.869330,md,earthquake,-155.601833333333,19.4616666666667,-1.55,Tuesday,January,7,1970-01-20,07:52:01.869330
1.87,"5 km WSW of Guánica, Puerto Rico",1970-01-20 07:52:01.186950,md,earthquake,-66.9545,17.947,9.66,Tuesday,January,7,1970-01-20,07:52:01.186950
0.47,"8km WNW of Cobb, CA",1970-01-20 07:52:01.106910,md,earthquake,-122.810997,38.8404999,2.06,Tuesday,January,7,1970-01-20,07:52:01.106910
2.05,"4 km SSW of Indios, Puerto Rico",1970-01-20 07:52:01.068340,md,earthquake,-66.8428333333333,17.9563333333333,16.3,Tuesday,January,7,1970-01-20,07:52:01.068340
4.3,"30 km WSW of F?rs?n, Iran",1970-01-20 07:52:00.884734,mb,earthquake,50.2736,32.1274,10.0,Tuesday,January,7,1970-01-20,07:52:00.884734
1.0,Colorado,1970-01-20 07:52:00.508595,ml,earthquake,-104.483,37.2979,5.0,Tuesday,January,7,1970-01-20,07:52:00.508595
0.99,"92 km W of Adak, Alaska",1970-01-20 07:52:00.470990,ml,earthquake,-177.9695,51.8525,1.62,Tuesday,January,7,1970-01-20,07:52:00.470990
2.69,"23 km ESE of Naalehu, Hawaii",1970-01-20 07:52:00.426490,ml,earthquake,-155.374496459961,18.9833335876465,6.3899998664856,Tuesday,January,7,1970-01-20,07:52:00.426490
2.38,"7 km E of P?hala, Hawaii",1970-01-20 07:52:00.424040,ml,earthquake,-155.406326293945,19.1908340454102,29.9799995422363,Tuesday,January,7,1970-01-20,07:52:00.424040
1.1,"57 km S of Denali National Park, Alaska",1970-01-20 07:52:00.292123,ml,earthquake,-151.5743,63.0318,4.9,Tuesday,January,7,1970-01-20,07:52:00.292123
-0.41,"26 km W of Dutch Harbor, Alaska",1970-01-20 07:52:00.195180,ml,earthquake,-166.946833333333,53.8746666666667,8.64,Tuesday,January,7,1970-01-20,07:52:00.195180
1.9,"86 km NNW of Karluk, Alaska",1970-01-20 07:51:59.845547,ml,earthquake,-155.1787,58.2415,110.0,Tuesday,January,7,1970-01-20,07:51:59.845547
1.84,"Island of Hawaii, Hawaii",1970-01-20 07:51:59.704930,md,earthquake,-155.599833333333,19.4543333333333,-0.39,Tuesday,January,7,1970-01-20,07:51:59.704930
1.62,"21km ESE of Little Lake, CA",1970-01-20 07:51:59.512430,ml,earthquake,-117.6791667,35.8855,5.94,Tuesday,January,7,1970-01-20,07:51:59.512430
4.5,"99 km NNE of Isangel, Vanuatu",1970-01-20 07:51:59.466545,mb,earthquake,169.5341,-18.6779,7.897,Tuesday,January,7,1970-01-20,07:51:59.466545
1.42,"28 km E of Honaunau-Napoopoo, Hawaii",1970-01-20 07:51:59.400540,md,earthquake,-155.590666666667,19.4423333333333,-1.4,Tuesday,January,7,1970-01-20,07:51:59.400540
1.59,"5km WSW of Niland, CA",1970-01-20 07:51:59.329660,ml,earthquake,-115.5725,33.221,4.23,Tuesday,January,7,1970-01-20,07:51:59.329660
1.4,"2 km SW of Houston, Alaska",1970-01-20 07:51:59.059050,ml,earthquake,-149.8588,61.6147,31.0,Tuesday,January,7,1970-01-20,07:51:59.059050
1.05,"12km SE of Tehachapi, CA",1970-01-20 07:51:58.872580,ml,quarry blast,-118.3448333,35.0611667,-1.01,Tuesday,January,7,1970-01-20,07:51:58.872580
4.7,"44 km NE of Bandar-e Lengeh, Iran",1970-01-20 07:51:58.690128,mb,earthquake,55.1998,26.8375,10.0,Tuesday,January,7,1970-01-20,07:51:58.690128
4.2,"Pagan region, Northern Mariana Islands",1970-01-20 07:51:58.266920,mb,earthquake,145.7079,18.7651,162.008,Tuesday,January,7,1970-01-20,07:51:58.266920
4.4,"105 km N of Isangel, Vanuatu",1970-01-20 07:51:57.675619,mb,earthquake,169.3062,-18.5849,9.986,Tuesday,January,7,1970-01-20,07:51:57.675619
0.64,"4km NW of The Geysers, CA",1970-01-20 07:51:57.499270,md,earthquake,-122.7856674,38.8014984,3.55,Tuesday,January,7,1970-01-20,07:51:57.499270
-0.06,"2km E of The Geysers, CA",1970-01-20 07:51:57.418930,md,earthquake,-122.7353333,38.7753333,2.07,Tuesday,January,7,1970-01-20,07:51:57.418930
2.6,"218 km WSW of Adak, Alaska",1970-01-20 07:51:57.306679,ml,earthquake,-179.3466,50.8813,12.321,Tuesday,January,7,1970-01-20,07:51:57.306679
1.57,"4 km WSW of Guánica, Puerto Rico",1970-01-20 07:51:57.079570,md,earthquake,-66.944,17.9513333333333,8.63,Tuesday,January,7,1970-01-20,07:51:57.079570
2.0,"56 km NW of Toyah, Texas",1970-01-20 07:51:56.987213,ml,earthquake,-104.2800829,31.60491943,6.48050944,Tuesday,January,7,1970-01-20,07:51:56.987213
1.33,"28 km E of Honaunau-Napoopoo, Hawaii",1970-01-20 07:51:56.890800,md,earthquake,-155.596166666667,19.4368333333333,-1.79,Tuesday,January,7,1970-01-20,07:51:56.890800
1.0,"73 km ESE of Denali Park, Alaska",1970-01-20 07:51:56.191343,ml,earthquake,-147.4806,63.5692,3.9,Tuesday,January,7,1970-01-20,07:51:56.191343
2.1,"2 km W of Point MacKenzie, Alaska",1970-01-20 07:51:55.814939,ml,earthquake,-150.0173,61.3608,36.5,Tuesday,January,7,1970-01-20,07:51:55.814939
4.5,"99 km N of Isangel, Vanuatu",1970-01-20 07:51:55.710339,mb,earthquake,169.4277,-18.6562,10.012,Tuesday,January,7,1970-01-20,07:51:55.710339
1.7,"41 km S of Adak, Alaska",1970-01-20 07:51:55.679870,ml,earthquake,-176.5387,51.5092,46.5,Tuesday,January,7,1970-01-20,07:51:55.679870
1.8,"52 km ENE of Pedro Bay, Alaska",1970-01-20 07:51:55.457229,ml,earthquake,-153.199,59.9174,108.4,Tuesday,January,7,1970-01-20,07:51:55.457229
-0.21,Alaska Peninsula,1970-01-20 07:51:55.314280,ml,earthquake,-155.017666666667,58.2815,3.18,Tuesday,January,7,1970-01-20,07:51:55.314280
4.5,Vanuatu,1970-01-20 07:51:55.246844,mb,earthquake,169.4121,-18.6471,16.019,Tuesday,January,7,1970-01-20,07:51:55.246844
1.56,"Island of Hawaii, Hawaii",1970-01-20 07:51:54.875660,md,earthquake,-155.598666666667,19.4373333333333,-1.61,Tuesday,January,7,1970-01-20,07:51:54.875660
1.46,"19km NW of Parkfield, CA",1970-01-20 07:51:54.762260,md,earthquake,-120.5821667,36.0183333,3.84,Tuesday,January,7,1970-01-20,07:51:54.762260
1.24,"13km SE of Bodfish, CA",1970-01-20 07:51:54.126490,ml,earthquake,-118.394,35.5076667,5.9,Tuesday,January,7,1970-01-20,07:51:54.126490
1.5,"34 km ESE of Cordova, Alaska",1970-01-20 07:51:54.126117,ml,earthquake,-145.1547,60.4677,8.6,Tuesday,January,7,1970-01-20,07:51:54.126117
1.9,"17 km SSE of Susitna North, Alaska",1970-01-20 07:51:53.992911,ml,earthquake,-149.7513,62.0117,47.8,Tuesday,January,7,1970-01-20,07:51:53.992911
1.7,"65 km SE of Cantwell, Alaska",1970-01-20 07:51:52.726380,ml,earthquake,-148.1476,62.9324,55.0,Tuesday,January,7,1970-01-20,07:51:52.726380
0.92,"7km WNW of Cobb, CA",1970-01-20 07:51:52.598540,md,earthquake,-122.802002,38.8343315,2.18,Tuesday,January,7,1970-01-20,07:51:52.598540
1.90999997,"11 km ENE of P?hala, Hawaii",1970-01-20 07:51:51.977650,md,earthquake,-155.382659912109,19.2504997253418,32.060001373291,Tuesday,January,7,1970-01-20,07:51:51.977650
1.8,"55 km SE of Adak, Alaska",1970-01-20 07:51:51.647962,ml,earthquake,-176.0797,51.514,21.8,Tuesday,January,7,1970-01-20,07:51:51.647962
0.7,"81 km ENE of Kobuk, Alaska",1970-01-20 07:51:51.613433,ml,earthquake,-155.2594,67.2716,3.0,Tuesday,January,7,1970-01-20,07:51:51.613433
2.0,Southern Alaska,1970-01-20 07:51:51.379604,ml,earthquake,-152.4406,60.9537,117.8,Tuesday,January,7,1970-01-20,07:51:51.379604
1.2,northern Alaska,1970-01-20 07:51:51.005764,ml,earthquake,-147.7995,65.8005,11.9,Tuesday,January,7,1970-01-20,07:51:51.005764
0.85,"9km W of Big Bear Lake, CA",1970-01-20 07:51:50.977270,ml,earthquake,-117.0075,34.2398333,9.23,Tuesday,January,7,1970-01-20,07:51:50.977270
0.39,Alaska Peninsula,1970-01-20 07:51:50.800330,ml,earthquake,-155.013833333333,58.2818333333333,2.96,Tuesday,January,7,1970-01-20,07:51:50.800330
1.6,"46 km W of Tyonek, Alaska",1970-01-20 07:51:50.674742,ml,earthquake,-151.9826,61.1324,92.6,Tuesday,January,7,1970-01-20,07:51:50.674742
2.6,"110 km N of Lavrentiya, Russia",1970-01-20 07:51:50.513928,ml,earthquake,-171.28,66.5754,28.1,Tuesday,January,7,1970-01-20,07:51:50.513928
2.7,"119 km SE of Nikolski, Alaska",1970-01-20 07:51:50.253076,ml,earthquake,-167.3968,52.337,10.0,Tuesday,January,7,1970-01-20,07:51:50.253076
1.3,"54 km NNE of Petersville, Alaska",1970-01-20 07:51:50.200767,ml,earthquake,-150.5577,62.9717,84.9,Tuesday,January,7,1970-01-20,07:51:50.200767
4.3,"2 km E of Naic, Philippines",1970-01-20 07:51:50.088714,mb,earthquake,120.7874,14.3193,137.447,Tuesday,January,7,1970-01-20,07:51:50.088714
2.18000007,"9 km ENE of P?hala, Hawaii",1970-01-20 07:51:50.064840,md,earthquake,-155.405502319336,19.2471675872803,30.6900005340576,Tuesday,January,7,1970-01-20,07:51:50.064840
1.1,"139 km WNW of Yakutat, Alaska",1970-01-20 07:51:50.015798,ml,earthquake,-141.7992,60.2403,7.1,Tuesday,January,7,1970-01-20,07:51:50.015798
2.4,"55 km SW of Port Clarence, Alaska",1970-01-20 07:51:49.729037,ml,earthquake,-167.811,64.968,2.3,Tuesday,January,7,1970-01-20,07:51:49.729037
1.2,"5 km SW of Houston, Alaska",1970-01-20 07:51:49.499912,ml,earthquake,-149.8822,61.5964,44.0,Tuesday,January,7,1970-01-20,07:51:49.499912
1.02,"5km NW of The Geysers, CA",1970-01-20 07:51:49.417680,md,earthquake,-122.8066667,38.805,1.51,Tuesday,January,7,1970-01-20,07:51:49.417680
2.0,"84 km SSW of Unalaska, Alaska",1970-01-20 07:51:49.300972,ml,earthquake,-166.8459,53.1362,25.6,Tuesday,January,7,1970-01-20,07:51:49.300972
2.4,"70 km W of Akhiok, Alaska",1970-01-20 07:51:49.277088,ml,earthquake,-155.3213,56.8437,10.7,Tuesday,January,7,1970-01-20,07:51:49.277088
2.6099999,"2 km SE of P?hala, Hawaii",1970-01-20 07:51:49.014430,md,earthquake,-155.460830688477,19.1908340454102,32.9000015258789,Tuesday,January,7,1970-01-20,07:51:49.014430
1.9,"7 km SSE of Willow, Alaska",1970-01-20 07:51:48.878339,ml,earthquake,-149.9616,61.6871,35.8,Tuesday,January,7,1970-01-20,07:51:48.878339
1.13,"12km E of Ocotillo Wells, CA",1970-01-20 07:51:48.836730,ml,earthquake,-116.0083333,33.1631667,4.28,Tuesday,January,7,1970-01-20,07:51:48.836730
1.85,"12km NNW of Ocotillo, CA",1970-01-20 07:51:48.731720,ml,earthquake,-116.0381667,32.8353333,8.86,Tuesday,January,7,1970-01-20,07:51:48.731720
3.82,"12km NNW of Ocotillo, CA",1970-01-20 07:51:48.509660,mw,earthquake,-116.0403333,32.8361667,10.46,Tuesday,January,7,1970-01-20,07:51:48.509660
4.1,Fiji region,1970-01-20 07:51:48.465595,mb,earthquake,-178.2524,-20.0168,571.35,Tuesday,January,7,1970-01-20,07:51:48.465595
1.44,"28 km E of Honaunau-Napoopoo, Hawaii",1970-01-20 07:51:47.887300,md,earthquake,-155.594833333333,19.4383333333333,-1.6,Tuesday,January,7,1970-01-20,07:51:47.887300
2.1,"46 km WNW of Akhiok, Alaska",1970-01-20 07:51:47.671871,ml,earthquake,-154.8259,57.1556,51.9,Tuesday,January,7,1970-01-20,07:51:47.671871
0.62,"3km SE of Lake Henshaw, CA",1970-01-20 07:51:47.547910,ml,earthquake,-116.736,33.2263333,11.23,Tuesday,January,7,1970-01-20,07:51:47.547910
1.67,"29 km NNW of P?hala, Hawaii",1970-01-20 07:51:47.069980,md,earthquake,-155.535666666667,19.4623333333333,2.7,Tuesday,January,7,1970-01-20,07:51:47.069980
1.3,"8 km ENE of Big Lake, Alaska",1970-01-20 07:51:47.038052,ml,earthquake,-149.8037,61.5463,46.7,Tuesday,January,7,1970-01-20,07:51:47.038052
1.12,"5km W of Cobb, CA",1970-01-20 07:51:46.814820,md,earthquake,-122.7853317,38.8224983,1.64,Tuesday,January,7,1970-01-20,07:51:46.814820
2.7,"36 km WSW of Mentone, Texas",1970-01-20 07:51:46.789587,ml,earthquake,-103.9658675,31.61479245,6.697143555000001,Tuesday,January,7,1970-01-20,07:51:46.789587
2.1,"19 km WNW of Mentone, Texas",1970-01-20 07:51:46.664034,ml,earthquake,-103.7790529,31.78483427,7.674047852000001,Tuesday,January,7,1970-01-20,07:51:46.664034
3.4,"334 km W of Adak, Alaska",1970-01-20 07:51:46.636193,ml,earthquake,178.5359,51.6803,94.859,Tuesday,January,7,1970-01-20,07:51:46.636193
1.9,"73 km SW of Adak, Alaska",1970-01-20 07:51:46.336329,ml,earthquake,-177.5008,51.4846,34.3,Tuesday,January,7,1970-01-20,07:51:46.336329
4.4,"62 km NW of Port-Vila, Vanuatu",1970-01-20 07:51:45.972278,mb,earthquake,167.8863,-17.3465,22.585,Tuesday,January,7,1970-01-20,07:51:45.972278
-0.01,"84 km NNW of Karluk, Alaska",1970-01-20 07:51:45.956500,ml,earthquake,-155.139833333333,58.2335,3.74,Tuesday,January,7,1970-01-20,07:51:45.956500
0.86,"5km NW of The Geysers, CA",1970-01-20 07:51:45.162300,md,earthquake,-122.8045,38.8048333,1.27,Tuesday,January,7,1970-01-20,07:51:45.162300
2.6,"Fox Islands, Aleutian Islands, Alaska",1970-01-20 07:51:45.109384,ml,earthquake,-166.8644,53.1191,35.0,Tuesday,January,7,1970-01-20,07:51:45.109384
0.3,"60 km WNW of Beatty, Nevada",1970-01-20 07:51:44.735931,ml,earthquake,-117.4148,37.0564,9.1,Tuesday,January,7,1970-01-20,07:51:44.735931
1.4,"33 km WNW of Petersville, Alaska",1970-01-20 07:51:44.122997,ml,earthquake,-151.3698,62.5966,96.1,Tuesday,January,7,1970-01-20,07:51:44.122997
1.4,"27 km SSE of Mina, Nevada",1970-01-20 07:51:43.966134,ml,earthquake,-118.037,38.1485,9.2,Tuesday,January,7,1970-01-20,07:51:43.966134
1.4,"17 km ESE of Fox River, Alaska",1970-01-20 07:51:43.715782,ml,earthquake,-150.6736,59.7913,43.1,Tuesday,January,7,1970-01-20,07:51:43.715782
1.6,"85 km SSW of Unalaska, Alaska",1970-01-20 07:51:43.710186,ml,earthquake,-166.8482,53.13,24.2,Tuesday,January,7,1970-01-20,07:51:43.710186
2.09,"2 km S of Liborio Negron Torres, Puerto Rico",1970-01-20 07:51:43.701900,md,earthquake,-66.9388333333333,18.0225,17.6,Tuesday,January,7,1970-01-20,07:51:43.701900
0.66,"7km W of Morongo Valley, CA",1970-01-20 07:51:43.303440,ml,earthquake,-116.657,34.0353333,6.34,Tuesday,January,7,1970-01-20,07:51:43.303440
1.6,"56 km S of False Pass, Alaska",1970-01-20 07:51:43.171264,ml,earthquake,-163.511,54.3527,59.6,Tuesday,January,7,1970-01-20,07:51:43.171264
2.0,"71 km ENE of Pedro Bay, Alaska",1970-01-20 07:51:42.968338,ml,earthquake,-152.9935,60.1043,112.8,Tuesday,January,7,1970-01-20,07:51:42.968338
2.13000011,"10 km NE of P?hala, Hawaii",1970-01-20 07:51:42.837030,md,earthquake,-155.404495239258,19.2674999237061,32.0900001525879,Tuesday,January,7,1970-01-20,07:51:42.837030
1.4,"5 km W of Skwentna, Alaska",1970-01-20 07:51:42.769791,ml,earthquake,-151.5074,61.9882,83.8,Tuesday,January,7,1970-01-20,07:51:42.769791
1.6,"51 km ENE of Furnace Creek, California",1970-01-20 07:51:42.682687,ml,earthquake,-116.32,36.6113,9.0,Tuesday,January,7,1970-01-20,07:51:42.682687
2.11,"4km ENE of Yucaipa, CA",1970-01-20 07:51:42.456570,ml,earthquake,-117.0016667,34.0463333,13.78,Tuesday,January,7,1970-01-20,07:51:42.456570
1.6,"84 km SSW of Unalaska, Alaska",1970-01-20 07:51:42.351162,ml,earthquake,-166.8326,53.1398,21.9,Tuesday,January,7,1970-01-20,07:51:42.351162
2.0,"55 km W of Salamatof, Alaska",1970-01-20 07:51:42.290810,ml,earthquake,-152.3225,60.6914,95.4,Tuesday,January,7,1970-01-20,07:51:42.290810
1.0,"49 km NW of Tatitlek, Alaska",1970-01-20 07:51:41.849710,ml,earthquake,-147.4248,61.1258,11.5,Tuesday,January,7,1970-01-20,07:51:41.849710
1.5,"113 km NNE of Arctic Village, Alaska",1970-01-20 07:51:41.734716,ml,earthquake,-144.5252,69.0787,0.9,Tuesday,January,7,1970-01-20,07:51:41.734716
0.68,"12km WNW of Anza, CA",1970-01-20 07:51:41.555460,ml,earthquake,-116.8036667,33.5828333,7.66,Tuesday,January,7,1970-01-20,07:51:41.555460
5.1,"76 km SE of Burica, Panama",1970-01-20 07:51:41.447484,mww,earthquake,-82.3984,7.5315,15.803,Tuesday,January,7,1970-01-20,07:51:41.447484
1.01,"22km ESE of Anza, CA",1970-01-20 07:51:41.425430,ml,earthquake,-116.4576667,33.4701667,12.78,Tuesday,January,7,1970-01-20,07:51:41.425430
1.86,"28 km W of Volcano, Hawaii",1970-01-20 07:51:41.128500,md,earthquake,-155.501666666667,19.4903333333333,4.1,Tuesday,January,7,1970-01-20,07:51:41.128500
2.3,"30 km NW of Susitna, Alaska",1970-01-20 07:51:41.078673,ml,earthquake,-150.8987,61.7486,68.6,Tuesday,January,7,1970-01-20,07:51:41.078673
1.4,"33 km SSE of Cantwell, Alaska",1970-01-20 07:51:41.070432,ml,earthquake,-148.6658,63.118,80.8,Tuesday,January,7,1970-01-20,07:51:41.070432
2.0,"43 km E of Pedro Bay, Alaska",1970-01-20 07:51:40.870953,ml,earthquake,-153.3336,59.7947,111.0,Tuesday,January,7,1970-01-20,07:51:40.870953
1.1,"89 km S of Nikolai, Alaska",1970-01-20 07:51:40.381557,ml,earthquake,-154.1909,62.2183,11.3,Tuesday,January,7,1970-01-20,07:51:40.381557
2.15,"12km SSW of Borrego Springs, CA",1970-01-20 07:51:40.364300,ml,earthquake,-116.4373333,33.166,13.25,Tuesday,January,7,1970-01-20,07:51:40.364300
1.64,"11km SSW of Borrego Springs, CA",1970-01-20 07:51:40.331950,ml,earthquake,-116.434,33.168,13.0,Tuesday,January,7,1970-01-20,07:51:40.331950
4.8,"12 km ESE of Aitape, Papua New Guinea",1970-01-20 07:51:40.075275,mb,earthquake,142.4524,-3.1696,38.574,Tuesday,January,7,1970-01-20,07:51:40.075275
1.92,"4km ENE of Yucaipa, CA",1970-01-20 07:51:40.044770,ml,earthquake,-117.0011667,34.0451667,13.49,Tuesday,January,7,1970-01-20,07:51:40.044770
1.9,"100 km ESE of Akutan, Alaska",1970-01-20 07:51:39.989426,ml,earthquake,-164.2871,53.9311,22.7,Tuesday,January,7,1970-01-20,07:51:39.989426
0.7,"16 km ENE of Beatty, Nevada",1970-01-20 07:51:39.579770,ml,earthquake,-116.5821,36.9487,2.9,Tuesday,January,7,1970-01-20,07:51:39.579770
1.3,"17 km NE of Beluga, Alaska",1970-01-20 07:51:39.234037,ml,earthquake,-150.8632,61.2578,64.6,Tuesday,January,7,1970-01-20,07:51:39.234037
1.1,"3 km SW of Willow, Alaska",1970-01-20 07:51:39.215856,ml,earthquake,-150.0773,61.7194,53.1,Tuesday,January,7,1970-01-20,07:51:39.215856
4.8,south of the Kermadec Islands,1970-01-20 07:51:38.901570,mb,earthquake,-178.4483,-33.0275,10.0,Tuesday,January,7,1970-01-20,07:51:38.901570
0.8,Nevada,1970-01-20 07:51:38.744696,ml,earthquake,-119.5511,41.9634,0.0,Tuesday,January,7,1970-01-20,07:51:38.744696
2.08999991,"20 km SSW of Leilani Estates, Hawaii",1970-01-20 07:51:38.710400,md,earthquake,-154.987670898438,19.2931671142578,40.9799995422363,Tuesday,January,7,1970-01-20,07:51:38.710400
1.2,"4 km E of Big Lake, Alaska",1970-01-20 07:51:38.524076,ml,earthquake,-149.8786,61.5251,38.8,Tuesday,January,7,1970-01-20,07:51:38.524076
1.3,"32 km NNW of Susitna, Alaska",1970-01-20 07:51:38.372291,ml,earthquake,-150.7156,61.8186,65.0,Tuesday,January,7,1970-01-20,07:51:38.372291
1.7,"84 km SSW of Unalaska, Alaska",1970-01-20 07:51:38.187924,ml,earthquake,-166.8461,53.1362,25.5,Tuesday,January,7,1970-01-20,07:51:38.187924
1.9,"84 km SSW of Unalaska, Alaska",1970-01-20 07:51:37.533686,ml,earthquake,-166.8515,53.1365,25.5,Tuesday,January,7,1970-01-20,07:51:37.533686
3.3,"84 km SSW of Unalaska, Alaska",1970-01-20 07:51:37.045706,ml,earthquake,-166.8698,53.146,35.0,Tuesday,January,7,1970-01-20,07:51:37.045706
3.2,"59 km WNW of Nanwalek, Alaska",1970-01-20 07:51:36.780348,ml,earthquake,-152.8378,59.6138,94.1,Tuesday,January,7,1970-01-20,07:51:36.780348
1.9,"24 km W of Volcano, Hawaii",1970-01-20 07:51:36.644240,md,earthquake,-155.459333333333,19.484,5.96,Tuesday,January,7,1970-01-20,07:51:36.644240
1.94,"5km NW of Mira Loma, CA",1970-01-20 07:51:36.606820,ml,earthquake,-117.5598333,34.0203333,11.25,Tuesday,January,7,1970-01-20,07:51:36.606820
2.2,"56 km SSE of Adak, Alaska",1970-01-20 07:51:36.574363,ml,earthquake,-176.4685,51.3731,24.0,Tuesday,January,7,1970-01-20,07:51:36.574363
1.2,"13 km SE of Lincoln, Montana",1970-01-20 07:51:36.478321,ml,earthquake,-112.5448,46.8845,10.0,Tuesday,January,7,1970-01-20,07:51:36.478321
2.06,"27 km E of Honaunau-Napoopoo, Hawaii",1970-01-20 07:51:36.477890,md,earthquake,-155.599666666667,19.4346666666667,-1.55,Tuesday,January,7,1970-01-20,07:51:36.477890
2.3,"85 km SSW of Unalaska, Alaska",1970-01-20 07:51:36.357594,ml,earthquake,-166.8421,53.1296,25.6,Tuesday,January,7,1970-01-20,07:51:36.357594
0.87,"2km WSW of Anderson Springs, CA",1970-01-20 07:51:36.344720,md,earthquake,-122.7091675,38.7708321,1.32,Tuesday,January,7,1970-01-20,07:51:36.344720
2.2,"86 km SSW of Unalaska, Alaska",1970-01-20 07:51:36.340603,ml,earthquake,-166.7963,53.1146,25.4,Tuesday,January,7,1970-01-20,07:51:36.340603
1.3,"10 km WNW of Beluga, Alaska",1970-01-20 07:51:35.952981,ml,earthquake,-151.2501,61.1807,68.9,Tuesday,January,7,1970-01-20,07:51:35.952981
4.8,"82 km SSW of Unalaska, Alaska",1970-01-20 07:51:35.940371,mb,earthquake,-166.8719,53.1645,43.662,Tuesday,January,7,1970-01-20,07:51:35.940371
0.94,"7km WNW of Cobb, CA",1970-01-20 07:51:35.877870,md,earthquake,-122.8005,38.8393333,2.04,Tuesday,January,7,1970-01-20,07:51:35.877870
1.9,"45 km WNW of Anchor Point, Alaska",1970-01-20 07:51:35.779303,ml,earthquake,-152.6175,59.8815,101.3,Tuesday,January,7,1970-01-20,07:51:35.779303
1.03,"11km SSW of Borrego Springs, CA",1970-01-20 07:51:35.685750,ml,earthquake,-116.4323333,33.1675,14.12,Tuesday,January,7,1970-01-20,07:51:35.685750
1.74,"12km SSW of Borrego Springs, CA",1970-01-20 07:51:35.575530,ml,earthquake,-116.4333333,33.1646667,14.69,Tuesday,January,7,1970-01-20,07:51:35.575530
2.42,"3 km ESE of La Parguera, Puerto Rico",1970-01-20 07:51:35.545500,md,earthquake,-67.0158333333333,17.9578333333333,8.54,Tuesday,January,7,1970-01-20,07:51:35.545500
2.16,"7 km SW of Corinne, Utah",1970-01-20 07:51:35.531860,ml,earthquake,-112.177,41.5065,6.6,Tuesday,January,7,1970-01-20,07:51:35.531860
2.3,"64 km N of Karluk, Alaska",1970-01-20 07:51:35.472610,ml,earthquake,-154.4786,58.1473,90.4,Tuesday,January,7,1970-01-20,07:51:35.472610
1.5,"43 km SSW of Cordova, Alaska",1970-01-20 07:51:34.574927,ml,earthquake,-146.1569,60.2068,27.4,Tuesday,January,7,1970-01-20,07:51:34.574927
0.95,"5km NW of Little Lake, CA",1970-01-20 07:51:34.360740,ml,earthquake,-117.9518333,35.9621667,4.28,Tuesday,January,7,1970-01-20,07:51:34.360740
2.0,Southern Alaska,1970-01-20 07:51:34.177797,ml,earthquake,-146.4426,61.4922,30.6,Tuesday,January,7,1970-01-20,07:51:34.177797
2.5,"1 km SE of Guánica, Puerto Rico",1970-01-20 07:51:34.173010,md,earthquake,-66.8975,17.9608333333333,11.68,Tuesday,January,7,1970-01-20,07:51:34.173010
4.5,"34 km WNW of Aitape, Papua New Guinea",1970-01-20 07:51:33.934305,mb,earthquake,142.0909,-2.9689,38.542,Tuesday,January,7,1970-01-20,07:51:33.934305
0.71,"4km W of Borrego Springs, CA",1970-01-20 07:51:33.872100,ml,earthquake,-116.4196667,33.2621667,5.07,Tuesday,January,7,1970-01-20,07:51:33.872100
1.17,"17km NW of Parkfield, CA",1970-01-20 07:51:33.509700,md,earthquake,-120.5661667,36.0008333,2.36,Tuesday,January,7,1970-01-20,07:51:33.509700
1.4,"11 km SSW of Tyonek, Alaska",1970-01-20 07:51:33.153420,ml,earthquake,-151.2431,60.9786,66.9,Tuesday,January,7,1970-01-20,07:51:33.153420
2.39,"4 km WSW of Guánica, Puerto Rico",1970-01-20 07:51:33.131160,md,earthquake,-66.9456666666667,17.9501666666667,9.46,Tuesday,January,7,1970-01-20,07:51:33.131160
0.95,"15km E of Lake Isabella, CA",1970-01-20 07:51:32.925960,ml,earthquake,-118.3071667,35.6018333,9.48,Tuesday,January,7,1970-01-20,07:51:32.925960
1.18,"8km NNE of Black Point-Green Point, CA",1970-01-20 07:51:32.894630,md,earthquake,-122.477,38.1841667,10.09,Tuesday,January,7,1970-01-20,07:51:32.894630
0.1,"8 km SSW of Chelan Falls, Washington",1970-01-20 07:51:32.777240,ml,earthquake,-120.04333333333334,47.735166666666665,3.63,Tuesday,January,7,1970-01-20,07:51:32.777240
1.09,"11km ENE of Ocotillo Wells, CA",1970-01-20 07:51:32.623530,ml,earthquake,-116.0343333,33.1956667,8.64,Tuesday,January,7,1970-01-20,07:51:32.623530
1.07,"10km NE of Ocotillo Wells, CA",1970-01-20 07:51:32.595790,ml,earthquake,-116.0375,33.196,8.51,Tuesday,January,7,1970-01-20,07:51:32.595790
5.4,central Mid-Atlantic Ridge,1970-01-20 07:51:32.563580,mww,earthquake,-19.9024,-0.5028,10.0,Tuesday,January,7,1970-01-20,07:51:32.563580
1.23,"17 km SSE of Waynoka, Oklahoma",1970-01-20 07:51:32.515810,ml,earthquake,-98.791,36.43983333,7.97,Tuesday,January,7,1970-01-20,07:51:32.515810
1.1,"56 km ENE of Whittier, Alaska",1970-01-20 07:51:32.084540,ml,earthquake,-147.7361,60.9912,3.9,Tuesday,January,7,1970-01-20,07:51:32.084540
1.1,"11 km NNE of Silver Springs, Nevada",1970-01-20 07:51:31.980172,ml,earthquake,-119.18,39.5105,0.0,Tuesday,January,7,1970-01-20,07:51:31.980172
0.88,"15km E of Lake Isabella, CA",1970-01-20 07:51:31.916320,ml,earthquake,-118.3106667,35.6036667,9.54,Tuesday,January,7,1970-01-20,07:51:31.916320
0.75,"13 km NW of Pawnee, Oklahoma",1970-01-20 07:51:31.839939,ml,earthquake,-96.9205,36.41516667,3.72,Tuesday,January,7,1970-01-20,07:51:31.839939
1.5,"15 km SSE of Anchorage, Alaska",1970-01-20 07:51:31.739697,ml,earthquake,-149.7645,61.0955,35.4,Tuesday,January,7,1970-01-20,07:51:31.739697
1.9,"57 km W of Happy Valley, Alaska",1970-01-20 07:51:31.524699,ml,earthquake,-152.7447,60.0241,100.9,Tuesday,January,7,1970-01-20,07:51:31.524699
1.1,"56 km ENE of Whittier, Alaska",1970-01-20 07:51:31.325585,ml,earthquake,-147.7387,60.9831,9.0,Tuesday,January,7,1970-01-20,07:51:31.325585
2.0,"39 km WNW of Clam Gulch, Alaska",1970-01-20 07:51:31.234232,ml,earthquake,-152.0681,60.3442,81.1,Tuesday,January,7,1970-01-20,07:51:31.234232
4.7,Tonga region,1970-01-20 07:51:31.185204,mb,earthquake,-172.2403,-18.0279,10.0,Tuesday,January,7,1970-01-20,07:51:31.185204
2.07,"3 km WNW of Jobos, Puerto Rico",1970-01-20 07:51:31.156320,md,earthquake,-66.1931666666667,17.9611666666667,16.91,Tuesday,January,7,1970-01-20,07:51:31.156320
2.02,"4km ESE of Tres Pinos, CA",1970-01-20 07:51:31.129320,md,earthquake,-121.2856667,36.773,8.42,Tuesday,January,7,1970-01-20,07:51:31.129320
1.2,"48 km SSW of Cantwell, Alaska",1970-01-20 07:51:31.052466,ml,earthquake,-149.4191,63.0132,72.4,Tuesday,January,7,1970-01-20,07:51:31.052466
2.59,"2 km SE of Guánica, Puerto Rico",1970-01-20 07:51:31.021120,md,earthquake,-66.8908333333333,17.9511666666667,13.15,Tuesday,January,7,1970-01-20,07:51:31.021120
1.22,"27 km E of Honaunau-Napoopoo, Hawaii",1970-01-20 07:51:30.872060,md,earthquake,-155.602333333333,19.4508333333333,-0.95,Tuesday,January,7,1970-01-20,07:51:30.872060
0.0,"56 km N of Indian Springs, Nevada",1970-01-20 07:51:30.767284,ml,earthquake,-115.7643,37.0726,5.8,Tuesday,January,7,1970-01-20,07:51:30.767284
4.4,"146 km ENE of Naze, Japan",1970-01-20 07:51:30.535733,mb,earthquake,130.879,28.8566,17.952,Tuesday,January,7,1970-01-20,07:51:30.535733
1.94000006,"13 km SE of P?hala, Hawaii",1970-01-20 07:51:30.433220,md,earthquake,-155.391006469727,19.1176662445068,30.1700000762939,Tuesday,January,7,1970-01-20,07:51:30.433220
1.09,"5km NW of The Geysers, CA",1970-01-20 07:51:30.387290,md,earthquake,-122.8063333,38.8058333,1.54,Tuesday,January,7,1970-01-20,07:51:30.387290
1.1,"6 km NNW of Point MacKenzie, Alaska",1970-01-20 07:51:30.321498,ml,earthquake,-150.0384,61.406,47.9,Tuesday,January,7,1970-01-20,07:51:30.321498
2.1,"63 km E of Port Alsworth, Alaska",1970-01-20 07:51:30.172671,ml,earthquake,-153.1793,60.1321,135.4,Tuesday,January,7,1970-01-20,07:51:30.172671
4.2,south of the Kermadec Islands,1970-01-20 07:51:30.115444,mb,earthquake,-178.2842,-33.0445,10.0,Tuesday,January,7,1970-01-20,07:51:30.115444
2.2,"39 km W of Petersville, Alaska",1970-01-20 07:51:29.970133,ml,earthquake,-151.535,62.4926,95.8,Tuesday,January,7,1970-01-20,07:51:29.970133
4.8,"76 km SSE of Hihifo, Tonga",1970-01-20 07:51:29.937132,mb,earthquake,-173.4674,-16.5695,70.975,Tuesday,January,7,1970-01-20,07:51:29.937132
2.0,"9 km ENE of P?hala, Hawaii",1970-01-20 07:51:29.570940,md,earthquake,-155.393325805664,19.24049949646,30.7999992370605,Tuesday,January,7,1970-01-20,07:51:29.570940
2.1,Southern Alaska,1970-01-20 07:51:29.506227,ml,earthquake,-152.9797,60.7494,158.7,Tuesday,January,7,1970-01-20,07:51:29.506227
1.28,"47 km ESE of West Yellowstone, Montana",1970-01-20 07:51:29.055240,md,earthquake,-110.5743333,44.4595,3.82,Tuesday,January,7,1970-01-20,07:51:29.055240
0.49,"48 km ESE of West Yellowstone, Montana",1970-01-20 07:51:29.047130,md,earthquake,-110.569,44.4566667,2.52,Tuesday,January,7,1970-01-20,07:51:29.047130
2.2,"34 km ENE of Pedro Bay, Alaska",1970-01-20 07:51:28.590289,ml,earthquake,-153.5343,59.8958,144.1,Tuesday,January,7,1970-01-20,07:51:28.590289
0.66,"6km W of Cobb, CA",1970-01-20 07:51:28.140440,md,earthquake,-122.7898333,38.8223333,0.94,Tuesday,January,7,1970-01-20,07:51:28.140440
1.1,"15 km NNW of Eureka Roadhouse, Alaska",1970-01-20 07:51:28.100774,ml,earthquake,-147.3146,62.0621,38.5,Tuesday,January,7,1970-01-20,07:51:28.100774
1.77,"28 km E of Honaunau-Napoopoo, Hawaii",1970-01-20 07:51:27.565410,md,earthquake,-155.5905,19.4703333333333,-1.04,Tuesday,January,7,1970-01-20,07:51:27.565410
1.84,"11km S of Mariposa, CA",1970-01-20 07:51:27.365270,md,earthquake,-119.989,37.3868333,15.74,Tuesday,January,7,1970-01-20,07:51:27.365270
1.8,"95 km W of Adak, Alaska",1970-01-20 07:51:27.292024,ml,earthquake,-178.021,51.8438,4.0,Tuesday,January,7,1970-01-20,07:51:27.292024
0.7,"34 km WSW of Rachel, Nevada",1970-01-20 07:51:27.276007,ml,earthquake,-116.0915,37.511,7.5,Tuesday,January,7,1970-01-20,07:51:27.276007
1.1,"23 km SE of Susitna North, Alaska",1970-01-20 07:51:26.983054,ml,earthquake,-149.515,62.0277,45.9,Tuesday,January,7,1970-01-20,07:51:26.983054
1.34,"8 km WSW of Minco, Oklahoma",1970-01-20 07:51:26.874130,ml,earthquake,-98.02416667,35.28016667,6.47,Tuesday,January,7,1970-01-20,07:51:26.874130
0.9,"56 km S of Shungnak, Alaska",1970-01-20 07:51:26.710478,ml,earthquake,-157.3326,66.389,20.1,Tuesday,January,7,1970-01-20,07:51:26.710478
2.2,"124 km S of Unalaska, Alaska",1970-01-20 07:51:26.632925,ml,earthquake,-166.669,52.7549,4.8,Tuesday,January,7,1970-01-20,07:51:26.632925
1.4,"4 km E of Silverdale, Washington",1970-01-20 07:51:26.568650,ml,earthquake,-122.63666666666668,47.6505,24.67,Tuesday,January,7,1970-01-20,07:51:26.568650
2.43,"7 km NNW of Ridgely, Tennessee",1970-01-20 07:51:26.459210,md,earthquake,-89.5231666666667,36.3198333333333,9.04,Tuesday,January,7,1970-01-20,07:51:26.459210
1.3,"28 km NW of Susitna, Alaska",1970-01-20 07:51:26.423233,ml,earthquake,-150.9313,61.7088,68.5,Tuesday,January,7,1970-01-20,07:51:26.423233
1.3,"7 km E of Willow, Alaska",1970-01-20 07:51:26.170426,ml,earthquake,-149.8866,61.7512,53.3,Tuesday,January,7,1970-01-20,07:51:26.170426
0.9,"34 km SW of Mina, Nevada",1970-01-20 07:51:25.714651,ml,earthquake,-118.3591,38.153,12.3,Tuesday,January,7,1970-01-20,07:51:25.714651
2.1,"64 km WNW of Nanwalek, Alaska",1970-01-20 07:51:25.522822,ml,earthquake,-152.9801,59.572,99.6,Tuesday,January,7,1970-01-20,07:51:25.522822
4.5,south of the Fiji Islands,1970-01-20 07:51:25.502417,mb,earthquake,-179.7547,-23.466,528.817,Tuesday,January,7,1970-01-20,07:51:25.502417
2.2,"23 km WSW of Port Lions, Alaska",1970-01-20 07:51:25.276762,ml,earthquake,-153.2629,57.8183,61.7,Tuesday,January,7,1970-01-20,07:51:25.276762
4.4,south of the Fiji Islands,1970-01-20 07:51:25.274113,mb,earthquake,-179.711,-23.8333,497.186,Tuesday,January,7,1970-01-20,07:51:25.274113
1.05,"17km NE of Borrego Springs, CA",1970-01-20 07:51:25.067070,ml,earthquake,-116.2316667,33.3525,10.1,Tuesday,January,7,1970-01-20,07:51:25.067070
1.61,"8km NNE of San Simeon, CA",1970-01-20 07:51:24.923320,md,earthquake,-121.1415,35.704,7.01,Tuesday,January,7,1970-01-20,07:51:24.923320
1.4,"14 km WNW of Beluga, Alaska",1970-01-20 07:51:24.755719,ml,earthquake,-151.329,61.2003,62.6,Tuesday,January,7,1970-01-20,07:51:24.755719
1.13,"7km SW of Pearblossom, CA",1970-01-20 07:51:23.934160,ml,earthquake,-117.958,34.4566667,8.63,Tuesday,January,7,1970-01-20,07:51:23.934160
1.9,"44 km SE of False Pass, Alaska",1970-01-20 07:51:23.667691,ml,earthquake,-162.8605,54.6173,6.7,Tuesday,January,7,1970-01-20,07:51:23.667691
2.37,"7 km WSW of Guánica, Puerto Rico",1970-01-20 07:51:23.463650,md,earthquake,-66.9765,17.9451666666667,11.71,Tuesday,January,7,1970-01-20,07:51:23.463650
5.1,"southwest of Sumatra, Indonesia",1970-01-20 07:51:23.382286,mww,earthquake,100.7331,-5.0322,10.0,Tuesday,January,7,1970-01-20,07:51:23.382286
1.6,"40 km WSW of Skwentna, Alaska",1970-01-20 07:51:23.368923,ml,earthquake,-152.1333,61.869,119.1,Tuesday,January,7,1970-01-20,07:51:23.368923
2.06,"2 km WSW of P?hala, Hawaii",1970-01-20 07:51:23.277140,ml,earthquake,-155.497161865234,19.1944999694824,36.6800003051758,Tuesday,January,7,1970-01-20,07:51:23.277140
2.0,"25 km W of Volcano, Hawaii",1970-01-20 07:51:23.192010,md,earthquake,-155.473166666667,19.4768333333333,1.49,Tuesday,January,7,1970-01-20,07:51:23.192010
1.3,"7 km S of Willow, Alaska",1970-01-20 07:51:23.133349,ml,earthquake,-150.0546,61.6826,39.6,Tuesday,January,7,1970-01-20,07:51:23.133349
1.19,"15km E of Seven Trees, CA",1970-01-20 07:51:23.126230,md,earthquake,-121.6731667,37.3063333,6.73,Tuesday,January,7,1970-01-20,07:51:23.126230
2.19,"4 km WSW of Guánica, Puerto Rico",1970-01-20 07:51:23.100780,md,earthquake,-66.9435,17.951,9.93,Tuesday,January,7,1970-01-20,07:51:23.100780
1.85,"2 km SSW of P?hala, Hawaii",1970-01-20 07:51:22.860080,ml,earthquake,-155.488159179688,19.1805000305176,34.8499984741211,Tuesday,January,7,1970-01-20,07:51:22.860080
2.1,"9 km E of P?hala, Hawaii",1970-01-20 07:51:22.620810,ml,earthquake,-155.38932800293,19.1944999694824,33.1399993896484,Tuesday,January,7,1970-01-20,07:51:22.620810
2.06,Puerto Rico region,1970-01-20 07:51:22.332420,md,earthquake,-66.942,17.9533333333333,9.64,Tuesday,January,7,1970-01-20,07:51:22.332420
4.7,"147 km WNW of Neiafu, Tonga",1970-01-20 07:51:22.224742,mb,earthquake,-175.1932,-17.9871,194.071,Tuesday,January,7,1970-01-20,07:51:22.224742
1.87,"4 km SW of P?hala, Hawaii",1970-01-20 07:51:22.183750,md,earthquake,-155.506500244141,19.1679992675781,34.5999984741211,Tuesday,January,7,1970-01-20,07:51:22.183750
1.8,"Kenai Peninsula, Alaska",1970-01-20 07:51:22.083011,ml,earthquake,-151.339,59.7541,56.6,Tuesday,January,7,1970-01-20,07:51:22.083011
3.2,"273 km ESE of Attu Station, Alaska",1970-01-20 07:51:22.019994,ml,earthquake,176.7985,51.7779,10.042,Tuesday,January,7,1970-01-20,07:51:22.019994
2.28999996,"4 km SSW of P?hala, Hawaii",1970-01-20 07:51:21.947290,md,earthquake,-155.487670898438,19.1613330841064,33.9199981689453,Tuesday,January,7,1970-01-20,07:51:21.947290
2.5,"153 km S of False Pass, Alaska",1970-01-20 07:51:21.915119,ml,earthquake,-163.4251,53.4792,10.0,Tuesday,January,7,1970-01-20,07:51:21.915119
3.73,"Island of Hawaii, Hawaii",1970-01-20 07:51:21.750420,ml,earthquake,-155.497166666667,19.1763333333333,35.56,Tuesday,January,7,1970-01-20,07:51:21.750420
2.09,"4 km SW of Guánica, Puerto Rico",1970-01-20 07:51:21.182520,md,earthquake,-66.9413333333333,17.9428333333333,11.51,Tuesday,January,7,1970-01-20,07:51:21.182520
3.4,"5 km SW of Luis Lopez, New Mexico",1970-01-20 07:51:21.024833,ml,earthquake,-106.9296,33.9604,8.984,Tuesday,January,7,1970-01-20,07:51:21.024833
2.6,"3 km SW of Luis Lopez, New Mexico",1970-01-20 07:51:20.510901,ml,earthquake,-106.9149,33.9704,5.61,Tuesday,January,7,1970-01-20,07:51:20.510901
1.6,"69 km ESE of McCarthy, Alaska",1970-01-20 07:51:20.263491,ml,earthquake,-141.7692,61.1452,7.5,Tuesday,January,7,1970-01-20,07:51:20.263491
0.4,"7km NW of The Geysers, CA",1970-01-20 07:51:20.100190,md,earthquake,-122.8026667,38.824,2.67,Tuesday,January,7,1970-01-20,07:51:20.100190
2.01,"Island of Hawaii, Hawaii",1970-01-20 07:51:19.585640,ml,earthquake,-155.439333333333,19.4826666666667,-0.69,Tuesday,January,7,1970-01-20,07:51:19.585640
0.7,"6 km ENE of Coleville, California",1970-01-20 07:51:19.248757,ml,earthquake,-119.4368,38.589,7.5,Tuesday,January,7,1970-01-20,07:51:19.248757
1.2,"63 km N of Chase, Alaska",1970-01-20 07:51:19.137470,ml,earthquake,-150.0604,63.0201,83.8,Tuesday,January,7,1970-01-20,07:51:19.137470
2.52,"4 km WSW of Guánica, Puerto Rico",1970-01-20 07:51:19.116320,md,earthquake,-66.9443333333333,17.9613333333333,9.54,Tuesday,January,7,1970-01-20,07:51:19.116320
1.6,"31 km NW of Susitna, Alaska",1970-01-20 07:51:18.903061,ml,earthquake,-150.9068,61.7586,64.5,Tuesday,January,7,1970-01-20,07:51:18.903061
0.91,"6km NW of The Geysers, CA",1970-01-20 07:51:18.771530,md,earthquake,-122.8030014,38.8233337,2.52,Tuesday,January,7,1970-01-20,07:51:18.771530
1.83,"Island of Hawaii, Hawaii",1970-01-20 07:51:18.226320,md,earthquake,-155.3755,19.4631666666667,1.46,Tuesday,January,7,1970-01-20,07:51:18.226320
1.1,"28 km ENE of Wiseman, Alaska",1970-01-20 07:51:18.120386,ml,earthquake,-149.4817,67.4841,14.0,Tuesday,January,7,1970-01-20,07:51:18.120386
4.2,Banda Sea,1970-01-20 07:51:17.759149,mb,earthquake,125.7873,-4.408,411.071,Tuesday,January,7,1970-01-20,07:51:17.759149
0.8,"2km N of Colton, CA",1970-01-20 07:51:17.748020,ml,earthquake,-117.3113333,34.0878333,15.57,Tuesday,January,7,1970-01-20,07:51:17.748020
1.69,"Island of Hawaii, Hawaii",1970-01-20 07:51:17.688230,md,earthquake,-155.456666666667,19.4318333333333,8.12,Tuesday,January,7,1970-01-20,07:51:17.688230
4.2,"26 km NW of Muisne, Ecuador",1970-01-20 07:51:17.548422,mb,earthquake,-80.1899,0.7774,10.0,Tuesday,January,7,1970-01-20,07:51:17.548422
1.2,"25 km NW of Valdez, Alaska",1970-01-20 07:51:17.209216,ml,earthquake,-146.7456,61.2604,15.0,Tuesday,January,7,1970-01-20,07:51:17.209216
1.8,"21 km WSW of Aleneva, Alaska",1970-01-20 07:51:17.202362,ml,earthquake,-153.2606,58.0126,47.5,Tuesday,January,7,1970-01-20,07:51:17.202362
1.0,"5 km ESE of Houston, Alaska",1970-01-20 07:51:16.675523,ml,earthquake,-149.7146,61.6163,40.7,Tuesday,January,7,1970-01-20,07:51:16.675523
1.07,"14km NNE of Pine Mountain Club, CA",1970-01-20 07:51:16.212680,ml,earthquake,-119.0975,34.9608333,15.72,Tuesday,January,7,1970-01-20,07:51:16.212680
0.94,"6km W of Cobb, CA",1970-01-20 07:51:16.063930,md,earthquake,-122.7975006,38.8276672,2.52,Tuesday,January,7,1970-01-20,07:51:16.063930
1.1,"43 km SSE of Denali National Park, Alaska",1970-01-20 07:51:15.614453,ml,earthquake,-151.3327,63.1951,3.4,Tuesday,January,7,1970-01-20,07:51:15.614453
-0.1,"61 km WNW of Beatty, Nevada",1970-01-20 07:51:15.454283,ml,earthquake,-117.3728,37.1617,0.0,Tuesday,January,7,1970-01-20,07:51:15.454283
1.68,"26 km W of Volcano, Hawaii",1970-01-20 07:51:14.369960,md,earthquake,-155.481333333333,19.4875,2.93,Tuesday,January,7,1970-01-20,07:51:14.369960
1.46,"7km W of Calimesa, CA",1970-01-20 07:51:14.314420,ml,earthquake,-117.1331667,33.9885,14.89,Tuesday,January,7,1970-01-20,07:51:14.314420
0.9,"64 km ESE of Denali Park, Alaska",1970-01-20 07:51:13.975125,ml,earthquake,-147.7008,63.5343,17.3,Tuesday,January,7,1970-01-20,07:51:13.975125
1.3,"20 km N of Glacier View, Alaska",1970-01-20 07:51:13.884907,ml,earthquake,-147.6312,61.9941,34.1,Tuesday,January,7,1970-01-20,07:51:13.884907
0.92,"8km W of Cobb, CA",1970-01-20 07:51:13.348760,md,earthquake,-122.8168335,38.8349991,1.68,Tuesday,January,7,1970-01-20,07:51:13.348760
1.73,"6 km NE of Yauco, Puerto Rico",1970-01-20 07:51:13.262760,md,earthquake,-66.8108333333333,18.075,3.08,Tuesday,January,7,1970-01-20,07:51:13.262760
2.1,"22km WNW of El Sauzal, B.C., MX",1970-01-20 07:51:12.528250,ml,earthquake,-116.9068333,31.9453333,13.28,Tuesday,January,7,1970-01-20,07:51:12.528250
2.1500001,"5 km SSE of P?hala, Hawaii",1970-01-20 07:51:12.441260,md,earthquake,-155.467163085938,19.155834197998,31.9799995422363,Tuesday,January,7,1970-01-20,07:51:12.441260
4.2,"Andreanof Islands, Aleutian Islands, Alaska",1970-01-20 07:51:12.067873,mb,earthquake,-175.2908,51.7102,49.363,Tuesday,January,7,1970-01-20,07:51:12.067873
0.8300000000000001,"8 km SSW of Nile, Washington",1970-01-20 07:51:11.331580,ml,earthquake,-120.9945,46.758,0.26,Tuesday,January,7,1970-01-20,07:51:11.331580
1.74,"10km NE of Ocotillo Wells, CA",1970-01-20 07:51:11.201220,ml,earthquake,-116.0645,33.215,9.01,Tuesday,January,7,1970-01-20,07:51:11.201220
0.2,"43 km N of Gabbs, Nevada",1970-01-20 07:51:11.116088,ml,earthquake,-117.9571,39.2583,6.4,Tuesday,January,7,1970-01-20,07:51:11.116088
4.9,"192 km ENE of Miyako, Japan",1970-01-20 07:51:10.480065,mb,earthquake,143.9081,40.4901,10.0,Tuesday,January,7,1970-01-20,07:51:10.480065
4.5,Tonga region,1970-01-20 07:51:10.239647,mb,earthquake,-175.12,-22.4311,10.0,Tuesday,January,7,1970-01-20,07:51:10.239647
0.99,"15km E of Coso Junction, CA",1970-01-20 07:51:10.053730,ml,earthquake,-117.7806667,36.037,1.76,Tuesday,January,7,1970-01-20,07:51:10.053730
0.4,"20km WSW of Toms Place, CA",1970-01-20 07:51:09.832410,md,earthquake,-118.8741667,37.474,2.48,Tuesday,January,7,1970-01-20,07:51:09.832410
0.95,"9km WSW of Lytle Creek, CA",1970-01-20 07:51:09.506670,ml,earthquake,-117.5841667,34.2236667,6.8,Tuesday,January,7,1970-01-20,07:51:09.506670
1.2,"44 km S of Nelchina, Alaska",1970-01-20 07:51:09.160674,ml,earthquake,-146.6058,61.6,22.4,Tuesday,January,7,1970-01-20,07:51:09.160674
1.33,"6km ESE of Pleasanton, CA",1970-01-20 07:51:08.884850,md,earthquake,-121.814,37.631,7.32,Tuesday,January,7,1970-01-20,07:51:08.884850
1.59,"28km SSW of Ocotillo Wells, CA",1970-01-20 07:51:08.769330,ml,earthquake,-116.244,32.911,6.51,Tuesday,January,7,1970-01-20,07:51:08.769330
2.45,"Island of Hawaii, Hawaii",1970-01-20 07:51:08.623670,md,earthquake,-155.587,19.4745,-1.22,Tuesday,January,7,1970-01-20,07:51:08.623670
1.74,"30 km E of Honaunau-Napoopoo, Hawaii",1970-01-20 07:51:07.992930,md,earthquake,-155.578666666667,19.4776666666667,-1.75,Tuesday,January,7,1970-01-20,07:51:07.992930
4.5,"232 km NNW of Tobelo, Indonesia",1970-01-20 07:51:06.834543,mb,earthquake,126.9551,3.5457,87.592,Tuesday,January,7,1970-01-20,07:51:06.834543
1.25,"2 km SSE of Cimarron City, Oklahoma",1970-01-20 07:51:06.761969,ml,earthquake,-97.59116667,35.87333333,5.4,Tuesday,January,7,1970-01-20,07:51:06.761969
2.3,"243 km WSW of Adak, Alaska",1970-01-20 07:51:06.706566,ml,earthquake,179.9028,51.4758,9.1,Tuesday,January,7,1970-01-20,07:51:06.706566
2.2,"72 km ESE of Egegik, Alaska",1970-01-20 07:51:06.526408,ml,earthquake,-156.3357,57.869,131.9,Tuesday,January,7,1970-01-20,07:51:06.526408
4.1,South Indian Ocean,1970-01-20 07:51:06.474611,mb,earthquake,52.6247,-37.1851,10.0,Tuesday,January,7,1970-01-20,07:51:06.474611
1.5,"67 km ESE of New Allakaket, Alaska",1970-01-20 07:51:06.418190,ml,earthquake,-151.3214,66.2479,7.0,Tuesday,January,7,1970-01-20,07:51:06.418190
1.3,Alaska Peninsula,1970-01-20 07:51:05.909571,ml,earthquake,-155.5072,57.9224,13.8,Tuesday,January,7,1970-01-20,07:51:05.909571
4.8,"off the east coast of Honshu, Japan",1970-01-20 07:51:05.818451,mb,earthquake,143.8448,40.5151,10.0,Tuesday,January,7,1970-01-20,07:51:05.818451
1.5,"5 km SW of Point Possession, Alaska",1970-01-20 07:51:05.137126,ml,earthquake,-150.7651,60.8901,45.3,Tuesday,January,7,1970-01-20,07:51:05.137126
4.3,"1 km ESE of Los Reyes de Salgado, Mexico",1970-01-20 07:51:05.012901,mb,earthquake,-102.4621,19.5875,10.0,Tuesday,January,7,1970-01-20,07:51:05.012901
2.9,"80 km NNE of Cruz Bay, U.S. Virgin Islands",1970-01-20 07:51:04.960874,ml,earthquake,-64.4488,18.9796,10.0,Tuesday,January,7,1970-01-20,07:51:04.960874
1.48,"13km WNW of Lake Pillsbury, CA",1970-01-20 07:51:04.608660,md,earthquake,-123.1011667,39.4338333,-0.53,Tuesday,January,7,1970-01-20,07:51:04.608660
1.1,"31 km NNE of Petersville, Alaska",1970-01-20 07:51:04.557672,ml,earthquake,-150.5541,62.7645,87.9,Tuesday,January,7,1970-01-20,07:51:04.557672
2.03,"6 km SSW of Tallaboa, Puerto Rico",1970-01-20 07:51:04.530560,md,earthquake,-66.748,17.9466666666667,8.87,Tuesday,January,7,1970-01-20,07:51:04.530560
-0.23,"85 km NW of Karluk, Alaska",1970-01-20 07:51:04.507800,ml,earthquake,-155.346833333333,58.1663333333333,0.11,Tuesday,January,7,1970-01-20,07:51:04.507800
1.4,"28 km WNW of Petersville, Alaska",1970-01-20 07:51:03.975863,ml,earthquake,-151.2734,62.5882,93.5,Tuesday,January,7,1970-01-20,07:51:03.975863
0.4,"33 km SE of Goldfield, Nevada",1970-01-20 07:51:03.687228,ml,earthquake,-117.0033,37.4686,15.0,Tuesday,January,7,1970-01-20,07:51:03.687228
1.38,"28 km E of Honaunau-Napoopoo, Hawaii",1970-01-20 07:51:02.864810,md,earthquake,-155.597666666667,19.4586666666667,-0.94,Tuesday,January,7,1970-01-20,07:51:02.864810
0.8,"2 km ENE of Big Lake, Alaska",1970-01-20 07:51:02.541524,ml,earthquake,-149.9036,61.5265,41.6,Tuesday,January,7,1970-01-20,07:51:02.541524
4.2,Kermadec Islands region,1970-01-20 07:51:02.532750,mb,earthquake,-176.9476,-27.2543,71.994,Tuesday,January,7,1970-01-20,07:51:02.532750
1.7,"60 km WSW of Tanana, Alaska",1970-01-20 07:51:02.444229,ml,earthquake,-153.17,64.8795,5.8,Tuesday,January,7,1970-01-20,07:51:02.444229
0.53,"5km SE of Loma Linda, CA",1970-01-20 07:51:02.194960,ml,earthquake,-117.2225,34.0196667,11.54,Tuesday,January,7,1970-01-20,07:51:02.194960
2.7,"192 km SSE of Unalaska, Alaska",1970-01-20 07:51:02.012451,ml,earthquake,-165.7879,52.2035,21.984,Tuesday,January,7,1970-01-20,07:51:02.012451
1.3,"35 km WSW of Petersville, Alaska",1970-01-20 07:51:01.436184,ml,earthquake,-151.353,62.3361,87.9,Tuesday,January,7,1970-01-20,07:51:01.436184
1.5,"26 km WSW of Cantwell, Alaska",1970-01-20 07:51:00.578432,ml,earthquake,-149.4208,63.2869,85.3,Tuesday,January,7,1970-01-20,07:51:00.578432
1.9,"62 km SE of Akutan, Alaska",1970-01-20 07:51:00.372166,ml,earthquake,-165.0717,53.7516,37.7,Tuesday,January,7,1970-01-20,07:51:00.372166
1.9,"54 km SW of Adak, Alaska",1970-01-20 07:51:00.323425,ml,earthquake,-177.2055,51.5395,56.5,Tuesday,January,7,1970-01-20,07:51:00.323425
1.7,"42 km W of Nanwalek, Alaska",1970-01-20 07:51:00.312206,ml,earthquake,-152.6688,59.3357,72.2,Tuesday,January,7,1970-01-20,07:51:00.312206
2.1,Southern Alaska,1970-01-20 07:51:00.145899,ml,earthquake,-150.5557,61.7212,51.6,Tuesday,January,7,1970-01-20,07:51:00.145899
4.3,"48 km WSW of Vallenar, Chile",1970-01-20 07:50:59.958593,mb,earthquake,-71.1716,-28.8136,35.0,Tuesday,January,7,1970-01-20,07:50:59.958593
2.26,"27 km E of Honaunau-Napoopoo, Hawaii",1970-01-20 07:50:59.737710,md,earthquake,-155.600833333333,19.456,-1.09,Tuesday,January,7,1970-01-20,07:50:59.737710
1.57,"13km ESE of Hidden Valley Lake, CA",1970-01-20 07:50:59.696640,md,earthquake,-122.4276667,38.7528333,6.59,Tuesday,January,7,1970-01-20,07:50:59.696640
1.23,"13km SSW of Toms Place, CA",1970-01-20 07:50:59.654460,md,earthquake,-118.7586667,37.4643333,3.03,Tuesday,January,7,1970-01-20,07:50:59.654460
1.0,Southern Alaska,1970-01-20 07:50:59.214339,ml,earthquake,-149.3811,61.4634,31.6,Tuesday,January,7,1970-01-20,07:50:59.214339
1.6,"2km SSE of Parkfield, CA",1970-01-20 07:50:58.460880,md,earthquake,-120.4215,35.8771667,6.42,Tuesday,January,7,1970-01-20,07:50:58.460880
1.52,"3 km NNE of Okeene, Oklahoma",1970-01-20 07:50:58.268119,ml,earthquake,-98.306,36.15016667,3.15,Tuesday,January,7,1970-01-20,07:50:58.268119
1.1,"43 km ENE of Whittier, Alaska",1970-01-20 07:50:58.255372,ml,earthquake,-147.9997,60.9719,25.7,Tuesday,January,7,1970-01-20,07:50:58.255372
1.2,"121 km NW of Yakutat, Alaska",1970-01-20 07:50:58.112600,ml,ice quake,-141.3164,60.2936,0.0,Tuesday,January,7,1970-01-20,07:50:58.112600
1.0,"74 km WNW of Ninilchik, Alaska",1970-01-20 07:50:57.911766,ml,earthquake,-152.7948,60.4204,13.3,Tuesday,January,7,1970-01-20,07:50:57.911766
2.0,"114 km WSW of Adak, Alaska",1970-01-20 07:50:57.911161,ml,earthquake,-178.1493,51.4557,32.9,Tuesday,January,7,1970-01-20,07:50:57.911161
0.26,"4km NNW of The Geysers, CA",1970-01-20 07:50:56.717530,md,earthquake,-122.7741667,38.8056667,1.47,Tuesday,January,7,1970-01-20,07:50:56.717530
1.8,western Texas,1970-01-20 07:50:56.499849,ml,earthquake,-103.9623539,31.61089691,8.830908202999998,Tuesday,January,7,1970-01-20,07:50:56.499849
0.9,"1 km ESE of Panaca, Nevada",1970-01-20 07:50:56.494427,ml,earthquake,-114.3683,37.7864,0.0,Tuesday,January,7,1970-01-20,07:50:56.494427
0.9,"5 km ENE of Panaca, Nevada",1970-01-20 07:50:56.403257,ml,earthquake,-114.3323,37.8192,2.0,Tuesday,January,7,1970-01-20,07:50:56.403257
1.6,"37 km WSW of Mentone, Texas",1970-01-20 07:50:56.386302,ml,earthquake,-103.9828915,31.63197253,6.568603515999999,Tuesday,January,7,1970-01-20,07:50:56.386302
1.08,"3km SSE of Lake Henshaw, CA",1970-01-20 07:50:56.247220,ml,earthquake,-116.7443333,33.2181667,11.46,Tuesday,January,7,1970-01-20,07:50:56.247220
0.27,"83 km NW of Karluk, Alaska",1970-01-20 07:50:56.228780,ml,earthquake,-155.276166666667,58.1823333333333,2.19,Tuesday,January,7,1970-01-20,07:50:56.228780
1.0,Southern Alaska,1970-01-20 07:50:55.984852,ml,earthquake,-150.3019,61.187,11.2,Tuesday,January,7,1970-01-20,07:50:55.984852
3.9,"12 km SW of Taupo, New Zealand",1970-01-20 07:50:55.980993,mb,earthquake,175.9706,-38.7548,12.556,Tuesday,January,7,1970-01-20,07:50:55.980993
1.2,"113 km WNW of Yakutat, Alaska",1970-01-20 07:50:55.856006,ml,earthquake,-141.5253,60.0176,8.8,Tuesday,January,7,1970-01-20,07:50:55.856006
1.43,"27 km ENE of Honaunau-Napoopoo, Hawaii",1970-01-20 07:50:55.488430,md,earthquake,-155.623166666667,19.543,6.66,Tuesday,January,7,1970-01-20,07:50:55.488430
1.24,"20km ESE of Little Lake, CA",1970-01-20 07:50:55.420990,ml,earthquake,-117.6978333,35.876,9.42,Tuesday,January,7,1970-01-20,07:50:55.420990
1.17,"2km ENE of The Geysers, CA",1970-01-20 07:50:55.319450,md,earthquake,-122.7336655,38.784832,1.83,Tuesday,January,7,1970-01-20,07:50:55.319450
2.12,"21 km WNW of Volcano, Hawaii",1970-01-20 07:50:55.117540,md,earthquake,-155.429666666667,19.4943333333333,-0.42,Tuesday,January,7,1970-01-20,07:50:55.117540
4.0,"29 km NW of Pakokku, Myanmar",1970-01-20 07:50:54.842012,mb,earthquake,94.8626,21.5043,146.092,Tuesday,January,7,1970-01-20,07:50:54.842012
-0.26,"85 km NNW of Karluk, Alaska",1970-01-20 07:50:54.837290,ml,earthquake,-155.145333333333,58.246,3.31,Tuesday,January,7,1970-01-20,07:50:54.837290
1.62,"3 km E of Battle Ground, Washington",1970-01-20 07:50:54.689480,ml,explosion,-122.49,45.78533333333333,-1.02,Tuesday,January,7,1970-01-20,07:50:54.689480
1.8,"70 km E of Sand Point, Alaska",1970-01-20 07:50:54.534302,ml,earthquake,-159.4087,55.222,13.2,Tuesday,January,7,1970-01-20,07:50:54.534302
-0.56,"84 km NW of Karluk, Alaska",1970-01-20 07:50:54.074970,ml,earthquake,-155.288333333333,58.1806666666667,1.75,Tuesday,January,7,1970-01-20,07:50:54.074970
1.3,"Kenai Peninsula, Alaska",1970-01-20 07:50:53.554437,ml,earthquake,-151.9648,60.4998,75.6,Tuesday,January,7,1970-01-20,07:50:53.554437
4.3,"85 km W of Sungai Penuh, Indonesia",1970-01-20 07:50:53.372052,mb,earthquake,100.6292,-2.1324,75.853,Tuesday,January,7,1970-01-20,07:50:53.372052
0.58,"13km WNW of Anza, CA",1970-01-20 07:50:53.343300,ml,earthquake,-116.8048333,33.6056667,7.02,Tuesday,January,7,1970-01-20,07:50:53.343300
2.25,"Island of Hawaii, Hawaii",1970-01-20 07:50:53.236960,md,earthquake,-155.49299621582,19.1651668548584,35.2599983215332,Tuesday,January,7,1970-01-20,07:50:53.236960
